"年度","關別","幣別","類型","出入境","數量","備註"
"105","高雄關","AUD","人民幣","人境","7556000",
"105","高雄關","AUD","人民幣","出境","202100",
"105","高雄關","AUD","外幣","人境","31270",
"105","高雄關","AUD","外幣","出境","102000",
"107","高雄關","AUD","外幣","入境","14000",
"108","高雄關","AUD","外幣","入境","47000",
"108","高雄關","AUD","外幣","出境","56000",
"109","高雄關","AUD","外幣","入境","20000",
"105","高雄關","AUD","有價證券","人境",,
"105","高雄關","AUD","有價證券","出境",,
"107","高雄關","AUD","有價證券","出境","15000",
"105","高雄關","AUD","新臺幣","人境","1219800",
"105","高雄關","AUD","新臺幣","出境","2954475",
"105","高雄關","CAD","外幣","人境","290150",
"105","高雄關","CAD","外幣","出境","86600",
"107","高雄關","CAD","外幣","入境","8735",
"109","高雄關","CAD","外幣","出境","20000",
"105","高雄關","CAD","有價證券","人境",,
"105","高雄關","CAD","有價證券","出境","32700",
"107","高雄關","CAD","有價證券","出境","16000",
"105","高雄關","CHF","外幣","人境","1853100",
"105","高雄關","CHF","外幣","出境","27360",
"107","高雄關","CHF","外幣","出境","11220",
"105","高雄關","CHF","有價證券","人境",,
"105","高雄關","CHF","有價證券","出境",,
"107","高雄關","CNY","人民幣","入境","7402110",
"107","高雄關","CNY","人民幣","出境","3341400",
"108","高雄關","CNY","人民幣","入境","2178615",
"108","高雄關","CNY","人民幣","出境","237215",
"109","高雄關","CNY","人民幣","入境","267800",
"110","高雄關","CNY","人民幣","入境","92260",
"110","高雄關","CNY","人民幣","出境","32260",
"105","高雄關","CNY","外幣","人境","7556000",
"105","高雄關","CNY","外幣","出境","202100",
"105","高雄關","CNY","有價證券","人境",,
"105","高雄關","CNY","有價證券","出境",,
"108","高雄關","CNY","有價證券","入境","85200",
"105","高雄關","EUR","外幣","人境","141765",
"105","高雄關","EUR","外幣","出境","7045040",
"107","高雄關","EUR","外幣","入境","700950",
"107","高雄關","EUR","外幣","出境","445570",
"108","高雄關","EUR","外幣","入境","700225",
"108","高雄關","EUR","外幣","出境","638760",
"109","高雄關","EUR","外幣","入境","108000",
"109","高雄關","EUR","外幣","出境","40000",
"110","高雄關","EUR","外幣","入境","233150",
"110","高雄關","EUR","外幣","出境","53000",
"105","高雄關","EUR","有價證券","人境",,
"105","高雄關","EUR","有價證券","出境",,
"107","高雄關","EUR","有價證券","出境","9500",
"105","高雄關","FJD","外幣","人境",,
"105","高雄關","FJD","外幣","出境","1000",
"105","高雄關","FJD","有價證券","人境",,
"105","高雄關","FJD","有價證券","出境",,
"105","高雄關","GBP","外幣","人境","920",
"105","高雄關","GBP","外幣","出境","1000",
"107","高雄關","GBP","外幣","入境","11000",
"107","高雄關","GBP","外幣","出境","12000",
"108","高雄關","GBP","外幣","入境","16000",
"108","高雄關","GBP","外幣","出境","30985",
"105","高雄關","GBP","有價證券","人境",,
"105","高雄關","GBP","有價證券","出境",,
"105","高雄關","HKD","外幣","人境","87299608",
"105","高雄關","HKD","外幣","出境","77663400",
"107","高雄關","HKD","外幣","入境","57539890",
"107","高雄關","HKD","外幣","出境","85945175",
"108","高雄關","HKD","外幣","入境","64522940",
"108","高雄關","HKD","外幣","出境","110552526",
"109","高雄關","HKD","外幣","入境","4445320",
"109","高雄關","HKD","外幣","出境","3997000",
"110","高雄關","HKD","外幣","入境","1135000",
"110","高雄關","HKD","外幣","出境","766000",
"105","高雄關","HKD","有價證券","人境",,
"105","高雄關","HKD","有價證券","出境",,
"107","高雄關","HKD","有價證券","入境","170000",
"105","高雄關","INR","外幣","人境","0",
"105","高雄關","INR","外幣","出境","133500",
"105","高雄關","INR","有價證券","人境",,
"105","高雄關","INR","有價證券","出境",,
"105","高雄關","JPY","外幣","人境","691621824",
"105","高雄關","JPY","外幣","出境","9474861056",
"107","高雄關","JPY","外幣","入境","680257899",
"107","高雄關","JPY","外幣","出境","1090525726",
"108","高雄關","JPY","外幣","入境","688810213",
"108","高雄關","JPY","外幣","出境","9453181526",
"109","高雄關","JPY","外幣","入境","180751658",
"109","高雄關","JPY","外幣","出境","1472632802",
"110","高雄關","JPY","外幣","入境","36840000",
"110","高雄關","JPY","外幣","出境","72890000",
"105","高雄關","JPY","有價證券","人境","5354",
"105","高雄關","JPY","有價證券","出境",,
"105","高雄關","KRW","外幣","人境","27550000",
"105","高雄關","KRW","外幣","出境","101818304",
"107","高雄關","KRW","外幣","入境","5000000",
"107","高雄關","KRW","外幣","出境","56560000",
"108","高雄關","KRW","外幣","入境","7697000",
"108","高雄關","KRW","外幣","出境","37800000",
"109","高雄關","KRW","外幣","出境","30000000",
"105","高雄關","KRW","有價證券","人境",,
"105","高雄關","KRW","有價證券","出境",,
"105","高雄關","LKR","外幣","人境",,
"105","高雄關","LKR","外幣","出境","46720",
"105","高雄關","LKR","有價證券","人境",,
"105","高雄關","LKR","有價證券","出境",,
"107","高雄關","MOP","外幣","入境","1000000",
"108","高雄關","MOP","外幣","出境","150000",
"105","高雄關","MUR","外幣","人境",,
"105","高雄關","MUR","外幣","出境","167300",
"108","高雄關","MUR","外幣","出境","13525",
"105","高雄關","MUR","有價證券","人境",,
"105","高雄關","MUR","有價證券","出境",,
"105","高雄關","MYR","外幣","人境","350",
"105","高雄關","MYR","外幣","出境","5000",
"107","高雄關","MYR","外幣","出境","20000",
"109","高雄關","MYR","外幣","入境","40000",
"105","高雄關","MYR","有價證券","人境",,
"105","高雄關","MYR","有價證券","出境",,
"107","高雄關","NZD","外幣","入境","8125",
"109","高雄關","NZD","外幣","入境","16500",
"105","高雄關","PHP","外幣","人境",,
"105","高雄關","PHP","外幣","出境","45000",
"105","高雄關","PHP","有價證券","人境",,
"105","高雄關","PHP","有價證券","出境","242400",
"107","高雄關","SAR","外幣","入境","37500",
"107","高雄關","SEK","外幣","入境","150000",
"108","高雄關","SEK","外幣","入境","80000",
"105","高雄關","SGD","外幣","人境","467100",
"105","高雄關","SGD","外幣","出境","830100",
"107","高雄關","SGD","外幣","入境","372788",
"107","高雄關","SGD","外幣","出境","694000",
"108","高雄關","SGD","外幣","入境","309100",
"108","高雄關","SGD","外幣","出境","53214",
"109","高雄關","SGD","外幣","入境","137750",
"109","高雄關","SGD","外幣","出境","116250",
"105","高雄關","SGD","有價證券","人境",,
"105","高雄關","SGD","有價證券","出境",,
"105","高雄關","THB","外幣","人境","4580",
"105","高雄關","THB","外幣","出境","815000",
"108","高雄關","THB","外幣","出境","2310000",
"105","高雄關","THB","有價證券","人境",,
"105","高雄關","THB","有價證券","出境",,
"105","高雄關","TWD","外幣","人境","1219800",
"105","高雄關","TWD","外幣","出境","2954475",
"105","高雄關","TWD","有價證券","人境","20689680",
"105","高雄關","TWD","有價證券","出境",,
"107","高雄關","TWD","有價證券","入境","35979728",
"107","高雄關","TWD","有價證券","出境","29570000",
"107","高雄關","TWD","新臺幣","入境","4299100",
"107","高雄關","TWD","新臺幣","出境","5255500",
"108","高雄關","TWD","新臺幣","入境","10788800",
"108","高雄關","TWD","新臺幣","出境","7310615",
"109","高雄關","TWD","新臺幣","入境","2657000",
"109","高雄關","TWD","新臺幣","出境","4642191",
"110","高雄關","TWD","新臺幣","入境","1846720",
"110","高雄關","TWD","新臺幣","出境","3745993",
"105","高雄關","USD","外幣","人境","4774709",
"105","高雄關","USD","外幣","出境","27615074",
"107","高雄關","USD","外幣","入境","4582487",
"107","高雄關","USD","外幣","出境","50059484",
"108","高雄關","USD","外幣","入境","5278755",
"108","高雄關","USD","外幣","出境","47484608",
"109","高雄關","USD","外幣","入境","3931044",
"109","高雄關","USD","外幣","出境","25035355",
"110","高雄關","USD","外幣","入境","5802485",
"110","高雄關","USD","外幣","出境","26983500",
"105","高雄關","USD","有價證券","人境","140926",
"105","高雄關","USD","有價證券","出境","400300",
"107","高雄關","USD","有價證券","入境","72658",
"107","高雄關","USD","有價證券","出境","102800",
"108","高雄關","USD","有價證券","入境","50000",
"108","高雄關","USD","有價證券","出境","209140",
"109","高雄關","USD","有價證券","入境","13350",
"105","高雄關","ZAR","外幣","人境",,
"105","高雄關","ZAR","外幣","出境","26000",
"105","高雄關","ZAR","有價證券","人境",,
"105","高雄關","ZAR","有價證券","出境",,
"106","基隆關","AUD","現鈔","出境","24300",
"106","基隆關","AUD","現鈔","入境","40000",
"108","基隆關","AUD","現鈔","入境","1200",
"109","基隆關","AUD","現鈔","入境","190",
"110","基隆關","AUD","現鈔","入境","5000",
"108","基隆關","CAD","現鈔","入境","140",
"106","基隆關","CNY","現鈔","入境","40400",
"107","基隆關","CNY","現鈔","入境","178000",
"108","基隆關","CNY","現鈔","入境","122000",
"109","基隆關","CNY","現鈔","出境","10000",
"109","基隆關","CNY","現鈔","入境","60410",
"110","基隆關","CNY","現鈔","入境","1640",
"109","基隆關","EUR","現鈔","入境","395",
"108","基隆關","EUR","現鈔","入境","550",
"106","基隆關","HKD","現鈔","出境","22365000",
"106","基隆關","HKD","現鈔","入境","5238070",
"107","基隆關","HKD","現鈔","出境","17957690",
"107","基隆關","HKD","現鈔","入境","16822360",
"108","基隆關","HKD","現鈔","出境","12554000",
"108","基隆關","HKD","現鈔","入境","1600000",
"109","基隆關","HKD","現鈔","入境","20",
"110","基隆關","HKD","現鈔","出境","19403190",
"110","基隆關","HKD","現鈔","入境","32622979",
"108","基隆關","IDR","現鈔","入境","4161000",
"109","基隆關","INR","現鈔","入境","147500",
"110","基隆關","INR","現鈔","入境","8500",
"106","基隆關","JPY","現鈔","出境","2000000",
"106","基隆關","JPY","現鈔","入境","1007000",
"107","基隆關","JPY","現鈔","出境","30000",
"107","基隆關","JPY","現鈔","入境","30000000",
"108","基隆關","JPY","現鈔","出境","3815000",
"108","基隆關","JPY","現鈔","入境","1075000",
"109","基隆關","JPY","現鈔","入境","14000",
"110","基隆關","JPY","現鈔","入境","1000",
"108","基隆關","KRW","現鈔","入境","269000",
"109","基隆關","KRW","現鈔","入境","38000",
"106","基隆關","MYR","現鈔","出境","3800",
"106","基隆關","MYR","現鈔","入境","7600",
"108","基隆關","MYR","現鈔","入境","1656",
"109","基隆關","MYR","現鈔","入境","1954",
"110","基隆關","MYR","現鈔","入境","3272",
"108","基隆關","NLG","現鈔","入境","20",
"108","基隆關","NZD","現鈔","入境","545",
"109","基隆關","NZD","現鈔","入境","80",
"109","基隆關","PHP","現鈔","入境","100",
"110","基隆關","PHP","現鈔","入境","20500",
"109","基隆關","SGD","現鈔","入境","3192",
"110","基隆關","SGD","現鈔","入境","161",
"109","基隆關","THB","現鈔","入境","1140",
"110","基隆關","THB","現鈔","入境","8030",
"106","基隆關","TWD","現鈔","入境","801000",
"107","基隆關","TWD","現鈔","出境","2357000",
"107","基隆關","TWD","現鈔","入境","1261000",
"108","基隆關","TWD","現鈔","出境","540000",
"108","基隆關","TWD","現鈔","入境","250000",
"109","基隆關","TWD","現鈔","入境","350700",
"110","基隆關","TWD","現鈔","出境","224800",
"110","基隆關","TWD","現鈔","入境","227450",
"106","基隆關","USD","現鈔","出境","1214800",
"106","基隆關","USD","現鈔","入境","226813",
"107","基隆關","USD","現鈔","出境","802040",
"107","基隆關","USD","現鈔","入境","891678",
"108","基隆關","USD","現鈔","出境","386200",
"108","基隆關","USD","現鈔","入境","534033",
"109","基隆關","USD","現鈔","出境","955700",
"109","基隆關","USD","現鈔","入境","140290",
"110","基隆關","USD","現鈔","出境","15000",
"110","基隆關","USD","現鈔","入境","15000",
"101","臺中關","AUD","澳幣","入出境","0",
"102","臺中關","AUD","澳幣","入出境","3200",
"103","臺中關","AUD","澳幣","入出境","0",
"104","臺中關","AUD","澳幣","入出境","39000",
"105","臺中關","AUD","澳幣","入出境","15000",
"106","臺中關","AUD","澳幣","入出境","0",
"107","臺中關","AUD","澳幣","入出境","0",
"108","臺中關","AUD","澳幣","入出境","18500",
"109","臺中關","AUD","澳幣","入出境","0",
"110","臺中關","AUD","澳幣","入出境","0",
"101","臺中關","CHF","法郎","入出境","0",
"102","臺中關","CHF","法郎","入出境","0",
"103","臺中關","CHF","法郎","入出境","10890",
"104","臺中關","CHF","法郎","入出境","6010",
"105","臺中關","CHF","法郎","入出境","0",
"106","臺中關","CHF","法郎","入出境","0",
"107","臺中關","CHF","法郎","入出境","0",
"108","臺中關","CHF","法郎","入出境","0",
"109","臺中關","CHF","法郎","入出境","0",
"110","臺中關","CHF","法郎","入出境","0",
"101","臺中關","CNY","人民幣","入出境","150000",
"102","臺中關","CNY","人民幣","入出境","111200",
"103","臺中關","CNY","人民幣","入出境","211060",
"104","臺中關","CNY","人民幣","入出境","168750",
"105","臺中關","CNY","人民幣","入出境","15500",
"106","臺中關","CNY","人民幣","入出境","258000",
"107","臺中關","CNY","人民幣","入出境","151000",
"108","臺中關","CNY","人民幣","入出境","97000",
"109","臺中關","CNY","人民幣","入出境","0",
"110","臺中關","CNY","人民幣","入出境","0",
"101","臺中關","EUR","歐元","入出境","55000",
"102","臺中關","EUR","歐元","入出境","34170",
"103","臺中關","EUR","歐元","入出境","495100",
"104","臺中關","EUR","歐元","入出境","255800",
"105","臺中關","EUR","歐元","入出境","816215",
"106","臺中關","EUR","歐元","入出境","626620",
"107","臺中關","EUR","歐元","入出境","151000",
"108","臺中關","EUR","歐元","入出境","75980",
"109","臺中關","EUR","歐元","入出境","60000",
"110","臺中關","EUR","歐元","入出境","0",
"101","臺中關","GBP","英鎊","入出境","0",
"102","臺中關","GBP","英鎊","入出境","0",
"103","臺中關","GBP","英鎊","入出境","10300",
"104","臺中關","GBP","英鎊","入出境","40600",
"105","臺中關","GBP","英鎊","入出境","0",
"106","臺中關","GBP","英鎊","入出境","0",
"107","臺中關","GBP","英鎊","入出境","0",
"108","臺中關","GBP","英鎊","入出境","0",
"109","臺中關","GBP","英鎊","入出境","0",
"110","臺中關","GBP","英鎊","入出境","0",
"101","臺中關","HKD","港幣","入出境","6742800",
"102","臺中關","HKD","港幣","入出境","15604534",
"103","臺中關","HKD","港幣","入出境","25971826",
"104","臺中關","HKD","港幣","入出境","37869210",
"105","臺中關","HKD","港幣","入出境","37152232",
"106","臺中關","HKD","港幣","入出境","37805040",
"107","臺中關","HKD","港幣","入出境","42173100",
"108","臺中關","HKD","港幣","入出境","58353550",
"109","臺中關","HKD","港幣","入出境","12842390",
"110","臺中關","HKD","港幣","入出境","639190",
"101","臺中關","JPY","日幣","入出境","10140000",
"102","臺中關","JPY","日幣","入出境","35855000",
"103","臺中關","JPY","日幣","入出境","193430000",
"104","臺中關","JPY","日幣","入出境","100300000",
"105","臺中關","JPY","日幣","入出境","214777008",
"106","臺中關","JPY","日幣","入出境","288726109",
"107","臺中關","JPY","日幣","入出境","389885000",
"108","臺中關","JPY","日幣","入出境","204507800",
"109","臺中關","JPY","日幣","入出境","22530000",
"110","臺中關","JPY","日幣","入出境","611000",
"101","臺中關","KRW","韓元","入出境","0",
"102","臺中關","KRW","韓元","入出境","0",
"103","臺中關","KRW","韓元","入出境","1000000",
"104","臺中關","KRW","韓元","入出境","300000",
"105","臺中關","KRW","韓元","入出境","5000000",
"106","臺中關","KRW","韓元","入出境","0",
"107","臺中關","KRW","韓元","入出境","472600000",
"108","臺中關","KRW","韓元","入出境","729250000",
"109","臺中關","KRW","韓元","入出境","0",
"110","臺中關","KRW","韓元","入出境","0",
"101","臺中關","MYR","馬來西亞幣","入出境","0",
"102","臺中關","MYR","馬來西亞幣","入出境","0",
"103","臺中關","MYR","馬來西亞幣","入出境","0",
"104","臺中關","MYR","馬來西亞幣","入出境","1000",
"105","臺中關","MYR","馬來西亞幣","入出境","0",
"106","臺中關","MYR","馬來西亞幣","入出境","280000",
"107","臺中關","MYR","馬來西亞幣","入出境","0",
"108","臺中關","MYR","馬來西亞幣","入出境","0",
"109","臺中關","MYR","馬來西亞幣","入出境","0",
"110","臺中關","MYR","馬來西亞幣","入出境","0",
"101","臺中關","SGD","新加坡幣","入出境","0",
"102","臺中關","SGD","新加坡幣","入出境","0",
"103","臺中關","SGD","新加坡幣","入出境","0",
"104","臺中關","SGD","新加坡幣","入出境","110000",
"105","臺中關","SGD","新加坡幣","入出境","270000",
"106","臺中關","SGD","新加坡幣","入出境","0",
"107","臺中關","SGD","新加坡幣","入出境","431000",
"108","臺中關","SGD","新加坡幣","入出境","503000",
"109","臺中關","SGD","新加坡幣","入出境","0",
"110","臺中關","SGD","新加坡幣","入出境","0",
"101","臺中關","THB","泰銖","入出境","15000",
"102","臺中關","THB","泰銖","入出境","0",
"103","臺中關","THB","泰銖","入出境","0",
"104","臺中關","THB","泰銖","入出境","0",
"105","臺中關","THB","泰銖","入出境","0",
"106","臺中關","THB","泰銖","入出境","0",
"107","臺中關","THB","泰銖","入出境","0",
"108","臺中關","THB","泰銖","入出境","0",
"109","臺中關","THB","泰銖","入出境","0",
"110","臺中關","THB","泰銖","入出境","0",
"101","臺中關","TWD","有價證券","入出境","0",
"102","臺中關","TWD","有價證券","入出境","0",
"103","臺中關","TWD","有價證券","入出境","0",
"104","臺中關","TWD","有價證券","入出境","0",
"105","臺中關","TWD","有價證券","入出境","0",
"106","臺中關","TWD","有價證券","入出境","0",
"107","臺中關","TWD","有價證券","入出境","0",
"108","臺中關","TWD","有價證券","入出境","0",
"109","臺中關","TWD","有價證券","入出境","0",
"110","臺中關","TWD","有價證券","入出境","0",
"101","臺中關","TWD","新臺幣","入出境","350100",
"102","臺中關","TWD","新臺幣","入出境","354000",
"103","臺中關","TWD","新臺幣","入出境","161600",
"104","臺中關","TWD","新臺幣","入出境","6482400",
"105","臺中關","TWD","新臺幣","入出境","112000",
"106","臺中關","TWD","新臺幣","入出境","0",
"107","臺中關","TWD","新臺幣","入出境","6351700",
"108","臺中關","TWD","新臺幣","入出境","1157000",
"109","臺中關","TWD","新臺幣","入出境","139000",
"110","臺中關","TWD","新臺幣","入出境","45000",
"101","臺中關","USD","美金","入出境","633505",
"102","臺中關","USD","美金","入出境","1582312",
"103","臺中關","USD","美金","入出境","1616482",
"104","臺中關","USD","美金","入出境","1451020",
"105","臺中關","USD","美金","入出境","1294500",
"106","臺中關","USD","美金","入出境","2149599",
"107","臺中關","USD","美金","入出境","5229826",
"108","臺中關","USD","美金","入出境","6363765",
"109","臺中關","USD","美金","入出境","3256699",
"110","臺中關","USD","美金","入出境","2785432",
"107","臺北關","AED","現鈔","入境","78000",
"107","臺北關","AED","現鈔","出境","85460",
"110","臺北關","AED","現鈔","入境","60000",
"108","臺北關","ARA","現鈔","出境","20000",
"107","臺北關","ARS","現鈔","出境","4800",
"104","臺北關","AUD","外幣","出境","380590",
"104","臺北關","AUD","外幣","入境","539462",
"104","臺北關","AUD","有價證券","出境","31700",
"107","臺北關","AUD","現鈔","入境","1107249",
"107","臺北關","AUD","現鈔","出境","1235363",
"108","臺北關","AUD","現鈔","入境","800750",
"108","臺北關","AUD","現鈔","出境","1109410",
"109","臺北關","AUD","現鈔","入境","349260",
"109","臺北關","AUD","現鈔","出境","233500",
"110","臺北關","AUD","現鈔","入境","83725",
"110","臺北關","AUD","現鈔","出境","2500",
"104","臺北關","BND","外幣","出境","60000",
"104","臺北關","BND","外幣","入境","61050",
"107","臺北關","BND","現鈔","出境","12400",
"107","臺北關","BRL","現鈔","入境","22",
"108","臺北關","BRL","現鈔","出境","130",
"104","臺北關","CAD","外幣","出境","985761",
"104","臺北關","CAD","外幣","入境","458623",
"104","臺北關","CAD","有價證券","出境","61350",
"104","臺北關","CAD","有價證券","入境","72394",
"107","臺北關","CAD","現鈔","入境","711169",
"107","臺北關","CAD","現鈔","出境","1717767",
"108","臺北關","CAD","現鈔","入境","424290",
"108","臺北關","CAD","現鈔","出境","420670",
"109","臺北關","CAD","現鈔","入境","369262",
"109","臺北關","CAD","現鈔","出境","157500",
"110","臺北關","CAD","現鈔","入境","137491",
"110","臺北關","CAD","現鈔","出境","247740",
"104","臺北關","CHF","外幣","出境","3639840",
"104","臺北關","CHF","外幣","入境","1248730",
"107","臺北關","CHF","現鈔","入境","76930",
"107","臺北關","CHF","現鈔","出境","1437324",
"108","臺北關","CHF","現鈔","入境","53100",
"108","臺北關","CHF","現鈔","出境","1295465",
"109","臺北關","CHF","現鈔","入境","12000",
"109","臺北關","CHF","現鈔","出境","107700",
"110","臺北關","CHF","現鈔","入境","27000",
"110","臺北關","CHF","現鈔","出境","124890",
"110","臺北關","CLP","現鈔","入境","185900",
"104","臺北關","CNY","人民幣","出境","5271449",
"104","臺北關","CNY","人民幣","入境","1885541",
"104","臺北關","CNY","有價證券","出境","132800",
"107","臺北關","CNY","現鈔","入境","2760206",
"107","臺北關","CNY","現鈔","出境","14988576",
"108","臺北關","CNY","現鈔","入境","5551721",
"108","臺北關","CNY","現鈔","出境","5041388",
"109","臺北關","CNY","現鈔","入境","180000",
"109","臺北關","CNY","現鈔","出境","168500",
"110","臺北關","CNY","現鈔","入境","142437",
"110","臺北關","CNY","現鈔","出境","110157",
"107","臺北關","COP","現鈔","出境","700000",
"107","臺北關","CZK","現鈔","出境","1203050",
"108","臺北關","CZK","現鈔","出境","358700",
"104","臺北關","DEM","外幣","出境","92999999488",
"104","臺北關","DKK","外幣","出境","1200",
"107","臺北關","DKK","現鈔","入境","20000",
"107","臺北關","EGP","現鈔","出境","2700",
"104","臺北關","EUR","外幣","出境","107220120",
"104","臺北關","EUR","外幣","入境","6217992",
"104","臺北關","EUR","有價證券","出境","41901",
"107","臺北關","EUR","現鈔","入境","5530998",
"107","臺北關","EUR","現鈔","出境","12789436",
"108","臺北關","EUR","現鈔","入境","3684951",
"108","臺北關","EUR","現鈔","出境","12086193",
"109","臺北關","EUR","現鈔","入境","271083",
"109","臺北關","EUR","現鈔","出境","1297311",
"110","臺北關","EUR","現鈔","入境","315339",
"110","臺北關","EUR","現鈔","出境","285852",
"107","臺北關","FJD","現鈔","出境","986",
"107","臺北關","FRF","現鈔","入境","10000",
"107","臺北關","FRF","現鈔","出境","19000",
"108","臺北關","FRF","現鈔","出境","15000",
"104","臺北關","GBP","外幣","出境","1246502",
"104","臺北關","GBP","外幣","入境","20610",
"104","臺北關","GBP","有價證券","出境","73500",
"107","臺北關","GBP","現鈔","入境","69640",
"107","臺北關","GBP","現鈔","出境","373336",
"108","臺北關","GBP","現鈔","入境","200131700",
"108","臺北關","GBP","現鈔","出境","200935",
"109","臺北關","GBP","現鈔","入境","49440",
"109","臺北關","GBP","現鈔","出境","62850",
"110","臺北關","GBP","現鈔","入境","1010",
"110","臺北關","GBP","現鈔","出境","48250",
"104","臺北關","HKD","外幣","出境","552970048",
"104","臺北關","HKD","外幣","入境","446043008",
"104","臺北關","HKD","有價證券","出境","169000",
"107","臺北關","HKD","現鈔","入境","497262495",
"107","臺北關","HKD","現鈔","出境","513153555",
"108","臺北關","HKD","現鈔","入境","353948778",
"108","臺北關","HKD","現鈔","出境","321681432",
"109","臺北關","HKD","現鈔","入境","118422577",
"109","臺北關","HKD","現鈔","出境","91744488",
"110","臺北關","HKD","現鈔","入境","22762230",
"110","臺北關","HKD","現鈔","出境","12877483",
"107","臺北關","HRK","現鈔","出境","41030",
"108","臺北關","HRK","現鈔","入境","5000",
"104","臺北關","IDR","外幣","入境","25569789952",
"107","臺北關","IDR","現鈔","入境","30593140000",
"107","臺北關","IDR","現鈔","出境","10693200",
"108","臺北關","IDR","現鈔","入境","21610350000",
"108","臺北關","IDR","現鈔","出境","1820000",
"109","臺北關","IDR","現鈔","入境","2884400000",
"110","臺北關","IDR","現鈔","出境","10195000",
"107","臺北關","ILS","現鈔","出境","600",
"104","臺北關","INR","外幣","出境","3930",
"107","臺北關","INR","現鈔","出境","154000",
"108","臺北關","INR","現鈔","出境","1500",
"104","臺北關","IRR","外幣","出境","3890000",
"107","臺北關","IRR","現鈔","出境","1100000",
"104","臺北關","JPY","外幣","出境","49366900736",
"104","臺北關","JPY","外幣","入境","6953491456",
"104","臺北關","JPY","有價證券","出境","4722000",
"104","臺北關","JPY","有價證券","入境","6000000",
"107","臺北關","JPY","現鈔","入境","11473350200",
"107","臺北關","JPY","現鈔","出境","53449033560",
"108","臺北關","JPY","現鈔","入境","5869470540",
"108","臺北關","JPY","現鈔","出境","46912020440",
"109","臺北關","JPY","現鈔","入境","1181380000",
"109","臺北關","JPY","現鈔","出境","8319168282",
"110","臺北關","JPY","現鈔","入境","1065593180",
"110","臺北關","JPY","現鈔","出境","1304810883",
"107","臺北關","KHR","現鈔","出境","2700",
"108","臺北關","KHR","現鈔","出境","298300",
"104","臺北關","KRW","外幣","出境","713217728",
"104","臺北關","KRW","外幣","入境","108098000",
"107","臺北關","KRW","現鈔","入境","8518669420",
"107","臺北關","KRW","現鈔","出境","7141198630",
"108","臺北關","KRW","現鈔","入境","2949041490",
"108","臺北關","KRW","現鈔","出境","3274079860",
"109","臺北關","KRW","現鈔","出境","163857910",
"110","臺北關","KRW","現鈔","入境","540000000",
"110","臺北關","KRW","現鈔","出境","17131900",
"107","臺北關","LAK","現鈔","入境","1380500",
"107","臺北關","LAK","現鈔","出境","852500",
"107","臺北關","LKR","現鈔","出境","188000",
"104","臺北關","MMK","外幣","出境","327500",
"107","臺北關","MMK","現鈔","出境","1024000",
"108","臺北關","MMK","現鈔","出境","2360000",
"104","臺北關","MOP","外幣","出境","96082",
"104","臺北關","MOP","外幣","入境","74746",
"107","臺北關","MOP","現鈔","入境","52000",
"107","臺北關","MOP","現鈔","出境","677670",
"108","臺北關","MOP","現鈔","出境","90600",
"109","臺北關","MOP","現鈔","出境","2980",
"110","臺北關","MOP","現鈔","出境","171000",
"107","臺北關","MUR","現鈔","出境","28850",
"108","臺北關","MUR","現鈔","出境","30000",
"110","臺北關","MUR","現鈔","出境","56000",
"107","臺北關","MVR","現鈔","出境","2400",
"107","臺北關","MWK","現鈔","出境","2000",
"104","臺北關","MXP","外幣","出境","530660",
"104","臺北關","MXP","外幣","入境","541660",
"108","臺北關","MXP","現鈔","入境","1000",
"104","臺北關","MYR","外幣","出境","2108683",
"104","臺北關","MYR","外幣","入境","116246",
"107","臺北關","MYR","現鈔","入境","327495",
"107","臺北關","MYR","現鈔","出境","249560",
"108","臺北關","MYR","現鈔","入境","50500",
"108","臺北關","MYR","現鈔","出境","215880",
"109","臺北關","MYR","現鈔","出境","104122",
"110","臺北關","MYR","現鈔","入境","29000",
"110","臺北關","MYR","現鈔","出境","112",
"107","臺北關","NPR","現鈔","出境","21025",
"108","臺北關","NPR","現鈔","出境","37500",
"104","臺北關","NZD","外幣","出境","857115",
"104","臺北關","NZD","外幣","入境","840000",
"107","臺北關","NZD","現鈔","入境","241360",
"107","臺北關","NZD","現鈔","出境","677115",
"108","臺北關","NZD","現鈔","入境","42700",
"110","臺北關","NZD","現鈔","入境","56992",
"104","臺北關","PEI","外幣","入境","60000",
"104","臺北關","PGK","外幣","出境","396000",
"104","臺北關","PGK","外幣","入境","2430000",
"104","臺北關","PHP","外幣","出境","255500",
"104","臺北關","PHP","外幣","入境","50500",
"107","臺北關","PHP","現鈔","入境","381531",
"107","臺北關","PHP","現鈔","出境","1350480",
"108","臺北關","PHP","現鈔","入境","665000",
"108","臺北關","PHP","現鈔","出境","169000",
"109","臺北關","PHP","現鈔","出境","100",
"110","臺北關","PHP","現鈔","入境","69000",
"110","臺北關","PHP","現鈔","出境","12800",
"107","臺北關","PLN","現鈔","出境","200",
"104","臺北關","RUB","外幣","入境","265000000",
"107","臺北關","RUB","現鈔","出境","37100",
"108","臺北關","RUB","現鈔","入境","25000",
"108","臺北關","RUB","現鈔","出境","63300",
"110","臺北關","RUB","現鈔","入境","22150",
"104","臺北關","SAR","外幣","出境","220",
"107","臺北關","SAR","現鈔","出境","260",
"107","臺北關","SBD","現鈔","出境","85",
"107","臺北關","SCR","現鈔","出境","2000",
"104","臺北關","SEK","外幣","出境","35990",
"107","臺北關","SEK","現鈔","入境","1400",
"107","臺北關","SEK","現鈔","出境","3000",
"108","臺北關","SEK","現鈔","出境","13500",
"104","臺北關","SGD","外幣","出境","10307445",
"104","臺北關","SGD","外幣","入境","10576098",
"104","臺北關","SGD","有價證券","入境","110000",
"107","臺北關","SGD","現鈔","入境","5367296",
"107","臺北關","SGD","現鈔","出境","6459276",
"108","臺北關","SGD","現鈔","入境","3936104",
"108","臺北關","SGD","現鈔","出境","3912110",
"109","臺北關","SGD","現鈔","入境","790102",
"109","臺北關","SGD","現鈔","出境","591258",
"110","臺北關","SGD","現鈔","入境","125055",
"110","臺北關","SGD","現鈔","出境","212020",
"104","臺北關","THB","外幣","出境","11126855",
"104","臺北關","THB","外幣","入境","210970336",
"107","臺北關","THB","現鈔","入境","495170460",
"107","臺北關","THB","現鈔","出境","9812088",
"108","臺北關","THB","現鈔","入境","313382700",
"108","臺北關","THB","現鈔","出境","5045190",
"109","臺北關","THB","現鈔","入境","59420000",
"109","臺北關","THB","現鈔","出境","3302153",
"110","臺北關","THB","現鈔","入境","1078280",
"110","臺北關","THB","現鈔","出境","52050",
"107","臺北關","TND","現鈔","出境","20",
"104","臺北關","TRL","外幣","出境","700",
"107","臺北關","TRL","現鈔","出境","3055",
"110","臺北關","TRL","現鈔","出境","9300",
"104","臺北關","TWD","有價證券","出境","259615328",
"104","臺北關","TWD","有價證券","入境","68485424",
"107","臺北關","TWD","現鈔","入境","452682630",
"107","臺北關","TWD","現鈔","出境","23651062",
"108","臺北關","TWD","現鈔","入境","31805234",
"108","臺北關","TWD","現鈔","出境","30499941",
"109","臺北關","TWD","現鈔","入境","8860664",
"109","臺北關","TWD","現鈔","出境","5274300",
"110","臺北關","TWD","現鈔","入境","2329298",
"110","臺北關","TWD","現鈔","出境","3541454",
"104","臺北關","TWD","新臺幣","出境","219706800",
"104","臺北關","TWD","新臺幣","入境","10419067",
"107","臺北關","UAH","現鈔","出境","715",
"108","臺北關","UAH","現鈔","出境","1100",
"104","臺北關","USD","外幣","出境","87566248",
"104","臺北關","USD","外幣","入境","47882500",
"104","臺北關","USD","有價證券","出境","9787354",
"104","臺北關","USD","有價證券","入境","142400",
"107","臺北關","USD","現鈔","入境","85308751",
"107","臺北關","USD","現鈔","出境","102567088",
"108","臺北關","USD","現鈔","入境","71716021",
"108","臺北關","USD","現鈔","出境","84974133",
"109","臺北關","USD","現鈔","入境","24612019",
"109","臺北關","USD","現鈔","出境","21734255",
"110","臺北關","USD","現鈔","入境","6718274",
"110","臺北關","USD","現鈔","出境","11946582",
"107","臺北關","VEB","現鈔","入境","18700",
"104","臺北關","VND","外幣","出境","7696000",
"107","臺北關","VND","現鈔","入境","7540000",
"107","臺北關","VND","現鈔","出境","381181005",
"108","臺北關","VND","現鈔","入境","1300000",
"108","臺北關","VND","現鈔","出境","31901000",
"109","臺北關","VND","現鈔","出境","208000000",
"110","臺北關","VND","現鈔","出境","1004121",
"107","臺北關","WST","現鈔","出境","1900",
"107","臺北關","XXX","物品（重量:公斤）","入境","9782300",
"107","臺北關","XXX","物品（重量:公斤）","出境","79000",
"110","臺北關","XXX","物品（重量:公斤）","入境","18.08",
"110","臺北關","XXX","物品（重量:公斤）","出境","9.94",
"108","臺北關","ZAR","現鈔","出境","30000",
"110","臺北關","ZAR","現鈔","出境","4040",
